DATE_TIME,SOURCE_KEY,AC_POWER,DC_POWER,DAILY_YIELD
2020-05-15,0.0,23046.550594908997,235340.69642902998,5754.0
2020-05-16,0.0,25124.491071686993,256629.87500109,6292.0
2020-05-17,0.0,28172.84999973,288039.82143789995,7045.0
2020-05-18,0.0,19970.507142550003,204030.3035688,4998.0
2020-05-19,0.0,22741.17678599,232277.2678564,6449.0
2020-05-20,0.0,22516.258332193003,230412.61903727002,8249.0
2020-05-21,0.0,28223.132737440003,288676.60120000003,7243.0
2020-05-22,0.0,27456.633928660005,280809.07142319996,6848.0
2020-05-23,0.0,31922.93035671401,326468.267851,7966.0
2020-05-24,0.0,30220.367857790006,309111.7321442,7537.0
2020-05-25,0.0,33144.651785059985,339109.94641950005,8268.0
2020-05-26,0.0,29873.74107051,305515.9464216,7456.4285709999995
2020-05-27,0.0,24595.60535695,251250.517851,6164.0
2020-05-28,0.0,31917.629166823,326520.42261563,7977.0
2020-05-29,0.0,30387.483929670005,310776.5749926,7564.0
2020-05-30,0.0,27054.692856468995,276466.89285656996,6754.0
2020-05-31,0.0,22928.217857151005,234509.23213329,5803.0
2020-06-01,0.0,22033.24940503,225219.7737997,5508.0
2020-06-02,0.0,28043.889286038997,286633.7500018,7029.0
2020-06-03,0.0,28085.882143471008,287069.37499867,7341.0
2020-06-04,0.0,30287.019643572992,309653.8214196,7571.0
2020-06-05,0.0,28693.905357053995,293353.25001069,7162.0
2020-06-06,0.0,23793.423213863003,243297.17857713002,5940.0
2020-06-07,0.0,21247.576785862002,217217.71427905,5268.0
2020-06-08,0.0,30969.72083308,316710.8511807,7864.0
2020-06-09,0.0,29476.869642404003,301395.46428543,7456.0
2020-06-10,0.0,23707.679286089005,242187.71072382998,5911.0
2020-06-11,0.0,21003.566071560002,214404.5892816,5257.0
2020-06-12,0.0,21813.001785620003,222758.5535705,5441.0
2020-06-13,0.0,31895.248213274,326297.08928973,7984.0
2020-06-14,0.0,16085.326786233005,164127.30356859,4012.0
2020-06-15,0.0,24986.85535728001,255298.41071873,6275.0
2020-06-16,0.0,23288.024999611003,237829.60714183,5848.0
2020-06-17,0.0,21957.166428565994,224315.74285783002,5521.0
2020-05-15,1.0,25343.28571412,258911.1071472,6357.0
2020-05-16,1.0,26396.928572060006,269678.2321455,6592.0
2020-05-17,1.0,30962.510714960004,316701.6071448,7759.0
2020-05-18,1.0,21723.946429050004,221984.74999799998,5453.0
2020-05-19,1.0,23202.778571059993,237092.42857370002,6568.75
2020-05-20,1.0,24564.961071600006,251521.0678501,8997.0
2020-05-21,1.0,30352.048215060004,310547.48212640005,7816.5
2020-05-22,1.0,29011.330357759998,296998.08927610004,7287.0
2020-05-23,1.0,34726.341072229996,355283.96429170005,8673.0
2020-05-24,1.0,33170.41428551,339436.8214218,8273.0
2020-05-25,1.0,36249.536309766016,371166.74999493995,9048.0
2020-05-26,1.0,32544.542856729997,332953.1964462,8109.5
2020-05-27,1.0,27390.712500229994,279934.17857610004,6824.0
2020-05-28,1.0,34097.51750082,348916.9035599,8496.0
2020-05-29,1.0,33116.097617370004,338805.3928526,8253.0
2020-05-30,1.0,29414.524998529003,300749.28570446,7332.0
2020-05-31,1.0,23486.896428246007,240125.16071601,5889.0
2020-06-01,1.0,24096.257143180002,246334.99404139997,6012.0
2020-06-02,1.0,29365.005357330003,300248.428568,7338.0
2020-06-03,1.0,30851.071429062995,315433.89286787,7875.0
2020-06-04,1.0,32774.217857587006,335215.60713779,8196.0
2020-06-05,1.0,30600.491667729988,312924.0773847,7701.666667
2020-06-06,1.0,26149.52678562999,267473.8571425,6542.0
2020-06-07,1.0,32933.735713526,336979.85715134005,8239.0
2020-06-08,1.0,33801.935712194005,345891.52976193005,8495.0
2020-06-09,1.0,32550.62321333,332936.3749974,8189.0
2020-06-10,1.0,26295.41250086,268753.4642849,6598.0
2020-06-11,1.0,22846.62678573,233282.32143060002,5704.0
2020-06-12,1.0,23581.342857164,240870.96428726002,5903.0
2020-06-13,1.0,35046.43214171099,358709.1964157299,8654.0
2020-06-14,1.0,30010.198214346994,306634.46428620996,7487.0
2020-06-15,1.0,27815.38392885001,284334.82142193,6846.0
2020-06-16,1.0,25292.566071210003,258375.89285483,6318.0
2020-06-17,1.0,24241.952857464003,247738.21785599,6034.0
2020-05-15,2.0,24937.698214196003,254766.0535723,6274.0
2020-05-16,2.0,26668.324999680004,272479.0000086,6656.0
2020-05-17,2.0,31425.31428535,321453.0892802,7794.0
2020-05-18,2.0,21734.65000003,222111.0714314,5435.0
2020-05-19,2.0,22671.006547389996,231641.029761,6536.0
2020-05-20,2.0,24502.337141943004,250880.69999397,8982.0
2020-05-21,2.0,30345.915713989998,310494.2785664,7804.5
2020-05-22,2.0,29176.096428490007,298455.58929260005,7315.0
2020-05-23,2.0,34644.79583401999,354435.08928929997,8652.0
2020-05-24,2.0,33066.062497809995,338392.01786089997,8300.0
2020-05-25,2.0,36230.909522990005,370972.92856406,9068.0
2020-05-26,2.0,32314.317858199993,330550.5357261,8074.5
2020-05-27,2.0,27037.627857370004,276310.6035703,6740.0
2020-05-28,2.0,33945.70357267902,347369.92261314,8528.0
2020-05-29,2.0,32901.57916746002,336612.03571499995,8210.0
2020-05-30,2.0,29246.839285561,299014.01785863,7299.0
2020-05-31,2.0,23585.56428587001,241167.67857687,5816.0
2020-06-01,2.0,23901.778571169998,244339.3035683,5965.0
2020-06-02,2.0,29459.794643439993,301215.57143250003,7343.5
2020-06-03,2.0,30016.952976443008,306921.81548739003,7874.0
2020-06-04,2.0,32949.22857135099,337014.24999624,8215.0
2020-06-05,2.0,31520.930358139994,322373.32143,7783.0
2020-06-06,2.0,25984.38214305,265763.2678536,6496.0
2020-06-07,2.0,33106.81249967601,338776.03572844,8242.0
2020-06-08,2.0,34182.269880844,349800.8642991,8509.0
2020-06-09,2.0,33066.91428492899,338253.0892971,8186.0
2020-06-10,2.0,26420.105357289995,270046.35714910005,6550.0
2020-06-11,2.0,22816.932142939993,232982.1071465,5717.0
2020-06-12,2.0,23603.583928937,241101.28571669,5900.0
2020-06-13,2.0,34302.712499804,351042.23214463005,8633.0
2020-06-14,2.0,29958.051785363994,306284.51786103996,7504.0
2020-06-15,2.0,26799.632142990005,273891.64286100003,6819.0
2020-06-16,2.0,25318.08035781,258637.37499419998,6331.0
2020-06-17,2.0,24225.303571116998,247578.18928123,6052.0
2020-05-15,3.0,24533.910714209003,250608.33928503,6116.0
2020-05-16,3.0,25757.741071324006,263126.42857071,6461.0
2020-05-17,3.0,30026.465476620004,307066.5237939,7526.0
2020-05-18,3.0,21180.075000114004,216417.7678607,5309.0
2020-05-19,3.0,24307.23571406,248335.9642856,6836.0
2020-05-20,3.0,23821.661903590004,243861.4404634,8772.0
2020-05-21,3.0,29812.709642610003,305024.43929400004,7655.0
2020-05-22,3.0,28614.702578899996,292699.6607204,7135.0
2020-05-23,3.0,33737.786427959996,345129.6285731,8450.0
2020-05-24,3.0,32093.926786050008,328404.7142966,8021.0
2020-05-25,3.0,35159.20892956899,359925.98213079,8779.0
2020-05-26,3.0,31718.369642330003,324475.96429189993,7892.0
2020-05-27,3.0,26505.196427979994,270929.01785370003,6638.0
2020-05-28,3.0,33109.65785603999,338785.2214311,8278.0
2020-05-29,3.0,32075.073213850003,328130.75594179996,8007.0
2020-05-30,3.0,28535.210714095992,291685.23214399006,7143.0
2020-05-31,3.0,23456.42321486,239853.66072116,5843.0
2020-06-01,3.0,23145.953570423,236601.91072359003,5803.0
2020-06-02,3.0,28954.131546116,295999.20831847,7248.0
2020-06-03,3.0,29568.65178532899,302217.33928473,7749.0
2020-06-04,3.0,31946.991072439,326720.60713829997,7999.0
2020-06-05,3.0,30033.816071469995,307116.2321499,7518.0
2020-06-06,3.0,25707.666071550004,262976.2857201,6317.0
2020-06-07,3.0,32213.721428876004,329593.0357079,8053.0
2020-06-08,3.0,33021.376904329,337860.20238341,8283.0
2020-06-09,3.0,31653.103572465996,323731.24999916,7936.0
2020-06-10,3.0,25261.43642839,258159.025001,6362.0
2020-06-11,3.0,22349.11607139,228195.71428790002,5573.0
2020-06-12,3.0,22975.939285800003,234667.6428566,5753.0
2020-06-13,3.0,33715.96071418901,345025.30356857006,8435.0
2020-06-14,3.0,29403.180357489982,300421.28570989997,7306.0
2020-06-15,3.0,27176.337500530997,277781.73214119,6641.0
2020-06-16,3.0,24638.044642823,251675.53571688995,6166.0
2020-06-17,3.0,23695.525000044003,242147.44286431,5856.0
2020-05-15,4.0,25840.633928429994,264030.9821347,6471.0
2020-05-16,4.0,26220.744643399998,267894.4107129,6586.0
2020-05-17,4.0,30311.133332500005,310001.79166439996,7606.0
2020-05-18,4.0,21852.72857164,223309.4464281,5464.0
2020-05-19,4.0,25199.278571480005,257489.5357167,7007.0
2020-05-20,4.0,24344.31547649,249264.3928626,8964.0
2020-05-21,4.0,31053.17535769999,317809.8357071,7993.0
2020-05-22,4.0,27681.783928220004,282240.03572519997,6897.0
2020-05-23,4.0,34651.49785607401,354507.35001883,8684.0
2020-05-24,4.0,32210.66249997,329609.9821553,8055.0
2020-05-25,4.0,35843.22857276,367023.42857809993,8958.0
2020-05-26,4.0,31819.728572120006,325516.9999981,7911.0
2020-05-27,4.0,27541.794643099995,281482.1071506,6827.25
2020-05-28,4.0,34154.08035755,349520.2571349,8567.0
2020-05-29,4.0,32889.05833317999,336468.047618,8256.5
2020-05-30,4.0,29290.973214440997,299450.69643393,7352.0
2020-05-31,4.0,24677.98750070299,252406.24999927005,6195.0
2020-06-01,4.0,23949.99107085,244853.0833373,5992.0
2020-06-02,4.0,30503.512500049,311892.60714306997,7607.0
2020-06-03,4.0,30678.332143283995,313702.35713209,8010.0
2020-06-04,4.0,33549.964284127,343193.94643159,8391.714286
2020-06-05,4.0,31523.255357329996,322398.1964387,7920.0
2020-06-06,4.0,25741.203571910002,263268.41072409996,6479.0
2020-06-07,4.0,28108.428570359996,287530.46428573004,7042.0
2020-06-08,4.0,33749.737499106006,345378.20237784,8580.0
2020-06-09,4.0,32776.182142686994,335278.92857523996,8235.0
2020-06-10,4.0,26259.223929000003,268398.28572610003,6606.0
2020-06-11,4.0,22930.530357080996,234145.4642848,5750.0
2020-06-12,4.0,23863.708929129996,243778.98214490002,5955.0
2020-06-13,4.0,34551.36428616501,353664.62499483,8595.0
2020-06-14,4.0,29878.983929188995,305285.39286902995,7435.0
2020-06-15,4.0,27900.453571920007,285210.91072013,6872.0
2020-06-16,4.0,25425.621428313,259754.23213987,6365.0
2020-06-17,4.0,24107.409286395996,246364.19286093,5992.0
2020-05-15,5.0,24941.457142519997,254776.4107153,6258.0
2020-05-16,5.0,26807.576785476005,273903.96428206004,6714.0
2020-05-17,5.0,30933.34880959,316388.2083424,7717.0
2020-05-18,5.0,21799.308928206003,222760.67856843,5457.0
2020-05-19,5.0,24838.596428569996,253796.767863,6988.0
2020-05-20,5.0,24456.997023360003,250421.29762339997,8982.0
2020-05-21,5.0,30362.9699999,310682.70357959997,7837.0
2020-05-22,5.0,29430.12004016,301086.4404735,7360.0
2020-05-23,5.0,34423.41464316999,352167.9714333,8611.0
2020-05-24,5.0,32667.82857098,334288.785711,8180.0
2020-05-25,5.0,36068.02143053,369291.8214143,9013.0
2020-05-26,5.0,32391.244643289985,331376.1071436,8090.0
2020-05-27,5.0,27169.257142360006,277729.49999469996,6763.0
2020-05-28,5.0,34054.08678546,348476.11785090005,8509.0
2020-05-29,5.0,32749.822620630002,335066.797624,8172.0
2020-05-30,5.0,29050.605357345994,297001.28571334,7270.0
2020-05-31,5.0,24584.762499980996,251456.74999311002,6076.0
2020-06-01,5.0,23548.888689396994,240735.32142122998,5909.0
2020-06-02,5.0,29735.34821475699,304028.80355883,7428.666667
2020-06-03,5.0,30200.275596057,308832.35714371,7917.0
2020-06-04,5.0,32676.167857219996,334195.51785771,8160.0
2020-06-05,5.0,30895.64464283999,315975.6785859,7732.5
2020-06-06,5.0,25928.23749990001,265220.76785139996,6435.0
2020-06-07,5.0,32863.408929039,336250.66070611,8219.0
2020-06-08,5.0,33827.05214272901,346152.82142409997,8488.0
2020-06-09,5.0,32517.339286316008,332611.89286314003,8120.0
2020-06-10,5.0,25671.475715020002,262344.60357070004,6479.0
2020-06-11,5.0,22942.187500329994,234275.3392889,5716.0
2020-06-12,5.0,23583.348214589998,240900.69642639998,5903.0
2020-06-13,5.0,34708.482142019995,355223.49999216996,8652.0
2020-06-14,5.0,30122.87321466001,307808.3214347,7489.0
2020-06-15,5.0,27905.608929105998,285264.99999989,6814.0
2020-06-16,5.0,25347.719643780994,258961.67856903,6332.0
2020-06-17,5.0,24245.523572334,247796.76072096,6007.0
2020-05-15,6.0,24657.991071089,251896.19643096,6142.0
2020-05-16,6.0,26460.830356839997,270350.10714710003,6615.0
2020-05-17,6.0,30853.03392901,315576.1785623,7674.0
2020-05-18,6.0,21372.798213829996,218400.60714319997,5348.0
2020-05-19,6.0,22155.21369063,226352.0535744,6417.5
2020-05-20,6.0,23999.629285026003,245690.02142284,8793.0
2020-05-21,6.0,29586.287618610007,302673.62976160005,7629.75
2020-05-22,6.0,28898.0946439,295608.3392845,7237.0
2020-05-23,6.0,33823.97678499,346017.3749921,8431.0
2020-05-24,6.0,32013.98928672001,327580.4642749,8091.0
2020-05-25,6.0,35553.973809204006,363971.67261049995,8879.0
2020-05-26,6.0,31366.885714249984,320833.7142924,7884.0
2020-05-27,6.0,26496.374642860002,270763.3571411,6658.0
2020-05-28,6.0,33159.325595459,339279.11308455997,8323.0
2020-05-29,6.0,32065.74226246,328030.73213250004,8038.0
2020-05-30,6.0,28473.185715303,291072.41071274003,7130.0
2020-05-31,6.0,23522.105356786007,240525.14285349,5837.0
2020-06-01,6.0,23339.557142539998,238590.3869045,5834.0
2020-06-02,6.0,28769.879166789993,294114.9702386,7216.0
2020-06-03,6.0,29409.906547501,300692.91666401003,7710.0
2020-06-04,6.0,32373.933928953993,331112.44642432994,8038.0
2020-06-05,6.0,30750.29285742,314473.0714313,7604.5
2020-06-06,6.0,25456.91785716001,260366.1250004,6341.0
2020-06-07,6.0,32583.974999980997,333406.6249927,8071.0
2020-06-08,6.0,33376.73369069099,341525.3892735,8319.0
2020-06-09,6.0,31937.076786456008,326658.03571791004,7977.0
2020-06-10,6.0,25721.517856820003,262872.9821391,6389.0
2020-06-11,6.0,22504.442857240007,229781.8214295,5619.0
2020-06-12,6.0,23193.014285553007,236892.89285889,5794.0
2020-06-13,6.0,33160.650000087,339292.53572076,8399.0
2020-06-14,6.0,29669.273214823,303320.78571231,7405.0
2020-06-15,6.0,26400.19821426,269781.1071415,6731.0
2020-06-16,6.0,25057.85178606999,255981.9107176,6264.0
2020-06-17,6.0,23973.639643409006,245003.54285959998,5953.0
2020-05-15,7.0,25350.946428540006,258970.375008,6291.0
2020-05-16,7.0,25879.641071087008,264384.62500157,6475.0
2020-05-17,7.0,29926.63154712,306031.4107108,7497.0
2020-05-18,7.0,21409.658928653007,218775.28571690002,5369.0
2020-05-19,7.0,24492.738690700004,250232.2023779,6878.0
2020-05-20,7.0,23908.306547330005,244761.6547626,8818.0
2020-05-21,7.0,30233.782856690013,309361.36309959996,7740.0
2020-05-22,7.0,28347.88035650999,289973.5892861,7087.0
2020-05-23,7.0,34191.12618955999,349783.7380958,8559.0
2020-05-24,7.0,32153.271428590004,329021.9821355,7971.0
2020-05-25,7.0,35281.11428380301,361207.75000877003,8813.0
2020-05-26,7.0,31319.623214650004,320379.660728,7869.0
2020-05-27,7.0,27100.880357480008,276980.8571431,6695.25
2020-05-28,7.0,33367.493572130006,341426.7714294,8375.0
2020-05-29,7.0,32375.510118879993,331187.64881489996,8099.0
2020-05-30,7.0,29021.71249944,296715.46427680005,7266.0
2020-05-31,7.0,23710.148214150006,242461.1785686,5970.0
2020-06-01,7.0,23179.102976230006,236951.8690432,5777.0
2020-06-02,7.0,29681.233928388003,303446.71428806,7413.0
2020-06-03,7.0,29778.598215193,304438.23214207,7827.0
2020-06-04,7.0,32470.760714106993,332124.60712669,8130.0
2020-06-05,7.0,30461.34821392699,311516.69642594,7603.0
2020-06-06,7.0,25320.20178629,258961.62499510002,6322.5
2020-06-07,7.0,32614.471429547004,333726.94641929003,8155.0
2020-06-08,7.0,33523.911903190005,343010.3511771,8343.0
2020-06-09,7.0,32082.441071919995,328171.1785896,7958.0
2020-06-10,7.0,25603.960713883993,261681.8392864,6419.0
2020-06-11,7.0,22353.746428619997,228231.9285674,5592.0
2020-06-12,7.0,23109.280357097,236035.87499853998,5780.0
2020-06-13,7.0,33109.14107207,338786.75000740006,8380.0
2020-06-14,7.0,28957.083927971,295989.3214263,7263.0
2020-06-15,7.0,26040.882142717004,266085.87500417006,6633.0
2020-06-16,7.0,25022.007142639995,255631.69643250003,6221.0
2020-06-17,7.0,23749.117857346013,242697.87500393004,5886.0
2020-05-15,8.0,25136.494642247,256787.7321435,6304.0
2020-05-16,8.0,26779.11428557,273617.9285748,6676.0
2020-05-17,8.0,30536.444642699997,312312.50000440003,7586.0
2020-05-18,8.0,21758.923214050006,222354.82142539998,5424.0
2020-05-19,8.0,24740.819643139996,252793.702386,6974.0
2020-05-20,8.0,24209.302857509996,247863.3428527,8909.0
2020-05-21,8.0,30462.264881549996,311684.22619119997,7815.857143000001
2020-05-22,8.0,29168.139286559992,298382.1607193,7275.0
2020-05-23,8.0,34216.56071434299,350030.93927671004,8589.0
2020-05-24,8.0,31937.798214809987,326775.7857283,8028.0
2020-05-25,8.0,35667.87142737,365187.9107170001,8910.0
2020-05-26,8.0,32029.808928130013,327672.0892829,7977.875
2020-05-27,8.0,26899.041071760003,274910.1785745,6727.0
2020-05-28,8.0,34032.30952376699,348248.31548337004,8540.0
2020-05-29,8.0,32589.419048199994,333404.5119146,8150.0
2020-05-30,8.0,29233.85892814,298866.4107163,7317.0
2020-05-31,8.0,24649.82321411,252137.5714357,6142.0
2020-06-01,8.0,23569.970833571006,240957.14286271,5918.0
2020-06-02,8.0,30214.867857018995,308925.54763146996,7523.333333
2020-06-03,8.0,30230.088094959003,309111.91071555996,7916.0
2020-06-04,8.0,32814.057144074,335625.23213816,8178.0
2020-06-05,8.0,30665.664286359995,313602.4464373,7637.0
2020-06-06,8.0,25172.582142770003,257433.5535633,6355.0
2020-06-07,8.0,32803.96250008402,335652.5357124,8209.0
2020-06-08,8.0,33932.15416672999,347218.8035659,8435.0
2020-06-09,8.0,32511.42142769,332553.6428708,8074.0
2020-06-10,8.0,25583.383928761003,261447.6428517,6438.0
2020-06-11,8.0,22741.56249952,232212.98214019998,5692.0
2020-06-12,8.0,23536.05892848999,240405.053571,5883.0
2020-06-13,8.0,34517.198213056,353252.80357913,8558.0
2020-06-14,8.0,29636.801785632993,302801.94641643,7404.0
2020-06-15,8.0,26867.660714129994,274591.6964306,6757.0
2020-06-16,8.0,25052.660714670998,255930.94642477,6304.0
2020-06-17,8.0,23746.226428682996,242650.98214508998,5929.0
2020-05-15,9.0,25072.032142616998,256126.684527,6261.0
2020-05-16,9.0,25569.625000146993,261199.87499894,6384.0
2020-05-17,9.0,29984.996428959996,306655.1428613,7464.0
2020-05-18,9.0,21317.49642824401,217836.89286019,5319.0
2020-05-19,9.0,24318.01845257,248440.08332935997,6805.0
2020-05-20,9.0,23594.301785962994,241538.67260751,8736.0
2020-05-21,9.0,29870.050000250005,305605.89642570005,7617.0
2020-05-22,9.0,27838.60714356,284728.44643470005,7028.0
2020-05-23,9.0,33807.24702388999,345839.02976139996,8471.0
2020-05-24,9.0,31915.812499462994,326566.99999796,7985.0
2020-05-25,9.0,35051.973215817,358821.51785803004,8745.0
2020-05-26,9.0,31232.43392812001,319468.1607164,7770.857143000001
2020-05-27,9.0,26742.372619139995,273302.0952367,6599.333333
2020-05-28,9.0,32944.12928534998,337083.4714369,8247.0
2020-05-29,9.0,32292.33750027999,330349.4643007,8062.0
2020-05-30,9.0,28887.851785,295318.21429639996,7248.0
2020-05-31,9.0,23201.889285731006,237230.12500416,5796.0
2020-06-01,9.0,23200.03571377,237164.5535653,5796.0
2020-06-02,9.0,29333.478571913,299900.0892803,7287.0
2020-06-03,9.0,29757.626785146007,304242.03572409996,7774.0
2020-06-04,9.0,32126.760118912003,328579.0833402,8038.666667
2020-06-05,9.0,30302.023215214005,309868.21428864,7535.0
2020-06-06,9.0,25123.92500004,256941.83928200003,6291.0
2020-06-07,9.0,32076.266070510992,328175.07141681004,8085.0
2020-06-08,9.0,33071.86845214,338379.50000570004,8271.0
2020-06-09,9.0,32092.144642690007,328258.4464366,7955.0
2020-06-10,9.0,25604.78214282299,261689.44642423,6392.0
2020-06-11,9.0,22234.160714039997,227005.4285732,5561.0
2020-06-12,9.0,23009.48571412001,235010.10714327,5753.0
2020-06-13,9.0,33207.80357065,339812.9285683,8378.0
2020-06-14,9.0,29036.905357262996,296841.42857036,7289.0
2020-06-15,9.0,26233.117857001,268060.23214554,6639.0
2020-06-16,9.0,24957.448213640004,254965.8749996,6191.0
2020-06-17,9.0,23691.47785654,242122.57857046998,5871.0
2020-05-15,10.0,25463.080356929997,260159.1428647,6383.0
2020-05-16,10.0,26869.062499869997,274543.5178587,6705.0
2020-05-17,10.0,31458.874998990002,321797.4285718,7867.0
2020-05-18,10.0,21920.149999980003,223995.1785678,5506.0
2020-05-19,10.0,23292.74464223,238011.0357139,6639.875
2020-05-20,10.0,24865.494285089997,254628.6250111,9102.0
2020-05-21,10.0,31007.55428575,317294.2571292,7954.75
2020-05-22,10.0,29357.860713299997,300543.8928541,7378.0
2020-05-23,10.0,35109.513095500006,359217.1547574,8783.0
2020-05-24,10.0,33764.18392895998,345547.5535744,8397.0
2020-05-25,10.0,36698.738691254,375797.7976192601,9163.0
2020-05-26,10.0,32997.596428879995,337604.21427490003,8222.0
2020-05-27,10.0,27355.255356569996,279558.46428099996,6857.0
2020-05-28,10.0,34677.37642804999,354884.6714351,8636.0
2020-05-29,10.0,33394.41547585,341658.43453,8343.0
2020-05-30,10.0,29774.823215123986,304445.35714377,7419.0
2020-05-31,10.0,23929.453571336002,244685.41073116002,5933.0
2020-06-01,10.0,24660.056546690008,252125.4464286,6127.0
2020-06-02,10.0,29849.875000270004,305231.2678523,7443.0
2020-06-03,10.0,31307.72321515701,320143.64286188997,7991.0
2020-06-04,10.0,33425.130357213,341923.12498988997,8314.0
2020-06-05,10.0,31104.778570649996,318104.30953130004,7847.0
2020-06-06,10.0,26569.66607164,271792.37500440003,6603.0
2020-06-07,10.0,33486.644642148996,342666.23215079994,8353.0
2020-06-08,10.0,34459.75535609,352681.0238152,8620.0
2020-06-09,10.0,32682.866071550005,334281.0535704,8273.0
2020-06-10,10.0,26460.506785830003,270440.6357173,6667.0
2020-06-11,10.0,23216.335714610002,237073.4107138,5790.0
2020-06-12,10.0,23918.744643024005,244323.91071446,5988.0
2020-06-13,10.0,35419.650001047004,362529.17858807,8774.0
2020-06-14,10.0,30417.217856144,310826.75000780995,7590.0
2020-06-15,10.0,28047.239285301,286699.30357631005,6916.0
2020-06-16,10.0,25600.583928276996,261537.30356964,6396.0
2020-06-17,10.0,24562.204643233003,251030.45357314002,6110.0
2020-05-15,11.0,23022.835714137003,235084.27976036997,5707.0
2020-05-16,11.0,24574.680358035996,250992.41071744,6138.0
2020-05-17,11.0,27721.17857135,283358.82143380004,6928.0
2020-05-18,11.0,19857.805357030004,202884.767854,4962.0
2020-05-19,11.0,22398.330357140003,228747.39285509998,6369.0
2020-05-20,11.0,22099.182739059,226101.809532,8131.0
2020-05-21,11.0,27689.979880279992,283218.4023801,7110.0
2020-05-22,11.0,27322.34821382,279429.3571411,6760.0
2020-05-23,11.0,31514.419047559,322255.535706,7864.0
2020-05-24,11.0,29697.200000890003,303700.2678663,7440.0
2020-05-25,11.0,32480.492858799997,332187.82141940005,8124.0
2020-05-26,11.0,29376.30714231,300394.250005,7364.0
2020-05-27,11.0,24545.896428559998,250735.3392844,6133.0
2020-05-28,11.0,30974.451785210003,316818.44048416003,7752.0
2020-05-29,11.0,29860.729999870004,305296.9607263,7438.0
2020-05-30,11.0,26618.571427879993,271977.80357893,6658.0
2020-05-31,11.0,22502.248214585998,230123.35714199,5586.0
2020-06-01,11.0,21355.111309720003,218236.5297581,5378.0
2020-06-02,11.0,27373.533928106004,279758.37500277,6842.0
2020-06-03,11.0,27615.307143527,282244.71428403,7237.0
2020-06-04,11.0,30108.7928576,307832.21428574,7462.0
2020-06-05,11.0,28282.473214753005,289129.57142729,7065.0
2020-06-06,11.0,23581.857142514003,241112.33928179,5873.0
2020-06-07,11.0,20478.414285509996,209312.19642281,5169.0
2020-06-08,11.0,30247.716071869992,309269.9345285,7693.0
2020-06-09,11.0,29203.512499963002,298572.17857363,7361.0
2020-06-10,11.0,23558.09321384099,240664.82857721,5863.0
2020-06-11,11.0,20769.458928559998,211999.9285725,5197.0
2020-06-12,11.0,21504.9892857,219599.53571229998,5372.0
2020-06-13,11.0,31756.569642282993,324898.69641191,7863.0
2020-06-14,11.0,15916.364285297,162416.30357409,3958.0
2020-06-15,11.0,24622.332143270003,251554.28571573,6192.0
2020-06-16,11.0,22888.989285524003,233726.55357351003,5757.0
2020-06-17,11.0,21717.37749999099,221854.40356818997,5460.0
2020-05-15,12.0,25847.751785579007,264120.05356756004,6418.0
2020-05-16,12.0,25769.505357096004,263239.00000609003,6438.0
2020-05-17,12.0,30079.253571430003,307592.1785697,7519.0
2020-05-18,12.0,21553.994643139005,220246.12500005998,5400.0
2020-05-19,12.0,24960.288690941004,255026.34524436,6951.0
2020-05-20,12.0,23925.542263326,244944.36309668998,8887.0
2020-05-21,12.0,30437.999999559994,311441.482134,7837.0
2020-05-22,12.0,28773.52499928,294325.1785739,7151.0
2020-05-23,12.0,34475.810714490006,352704.452384,8627.0
2020-05-24,12.0,32255.86071525,330074.4642897,8041.0
2020-05-25,12.0,35474.312499169995,363228.16666667,8869.0
2020-05-26,12.0,31495.392856979997,322186.767856,7866.0
2020-05-27,12.0,26870.364285959993,274584.7857073,6694.0
2020-05-28,12.0,33280.46071398999,340534.9166731001,8345.0
2020-05-29,12.0,33022.86904781,337862.6964417,8216.0
2020-05-30,12.0,29439.980357385997,301003.928573,7345.0
2020-05-31,12.0,23762.042857056,242976.4107209,5969.0
2020-06-01,12.0,23249.013095259994,237653.0118968,5781.0
2020-06-02,12.0,29856.380357113994,305257.75000007,7465.0
2020-06-03,12.0,29977.89464229301,306499.03570869996,7883.0
2020-06-04,12.0,33162.792856896,339256.76785678,8303.714286
2020-06-05,12.0,31255.746429213,319658.01785413,7803.0
2020-06-06,12.0,25851.43035706,264420.5714377,6430.0
2020-06-07,12.0,32893.06249873599,336552.67857667,8277.0
2020-06-08,12.0,33773.421427559995,345613.65476690006,8444.0
2020-06-09,12.0,33067.814285042994,338280.28572319995,8265.0
2020-06-10,12.0,26215.990356923994,267977.06786272995,6559.0
2020-06-11,12.0,22670.071428599997,231469.8749985,5692.0
2020-06-12,12.0,23555.166071544,240600.28571431,5888.0
2020-06-13,12.0,34018.09285833601,348163.69642679003,8496.0
2020-06-14,12.0,29644.58571411701,302894.78571296,7369.0
2020-06-15,12.0,27148.737500436004,277482.55357265996,6777.0
2020-06-16,12.0,25111.391071493992,256524.03571534,6305.0
2020-06-17,12.0,23811.953214299,243337.9714277,5957.0
2020-05-15,13.0,24750.460595620007,252825.19643217005,6176.0
2020-05-16,13.0,25908.21607122,264672.62499439996,6450.0
2020-05-17,13.0,29805.721428109995,304813.9821408,7391.0
2020-05-18,13.0,21232.819643259998,216964.1785661,5286.0
2020-05-19,13.0,24167.6964281,246898.1369121,6790.0
2020-05-20,13.0,23528.826071753,240867.68570806,8664.0
2020-05-21,13.0,29617.134760980003,303026.6678391,7598.5714290000005
2020-05-22,13.0,28189.367858360005,288336.6249894,7000.0
2020-05-23,13.0,33399.178571799996,341636.14643514,8395.0
2020-05-24,13.0,30190.298215329996,308846.8749964,7556.0
2020-05-25,13.0,32141.20714162,328996.0357285,8085.0
2020-05-26,13.0,30874.21071407,315799.9107056,7712.0
2020-05-27,13.0,26278.936667470007,268542.0833379,6564.0
2020-05-28,13.0,33300.62380799,340748.9273863,8315.0
2020-05-29,13.0,31851.65773911001,325821.2916649,7951.0
2020-05-30,13.0,28547.187499876993,291813.30356347,7146.0
2020-05-31,13.0,23983.373214859,245269.92857039,5965.0
2020-06-01,13.0,22845.071428724004,233518.94048281,5751.0
2020-06-02,13.0,29377.37619007901,300327.29761776,7326.333333
2020-06-03,13.0,29399.750594052995,300560.55357699,7699.0
2020-06-04,13.0,32002.258929031,327281.89286549005,8009.0
2020-06-05,13.0,29583.278571669995,302461.6785651,7456.5
2020-06-06,13.0,24754.13928633,253141.5892943,6197.0
2020-06-07,13.0,32088.075000545996,328297.44642671,8019.0
2020-06-08,13.0,33115.214284630005,338813.36308589997,8217.0
2020-06-09,13.0,31541.44285687,322606.214287,7846.0
2020-06-10,13.0,24964.669642789988,255102.017854,6277.0
2020-06-11,13.0,22066.208928300006,225289.375001,5521.0
2020-06-12,13.0,22863.691071610006,233519.4464304,5710.0
2020-06-13,13.0,33513.419643056004,342935.99999562994,8255.0
2020-06-14,13.0,28760.489286353,293816.23214497,7165.0
2020-06-15,13.0,26186.025000308997,267603.19642641,6564.0
2020-06-16,13.0,24306.6428575,248278.10713905998,6124.0
2020-06-17,13.0,23137.760357795996,236412.37143366996,5758.0
2020-05-15,14.0,25464.7374997,260155.05357079997,6375.0
2020-05-16,14.0,24711.27321428901,252370.35714287,6173.0
2020-05-17,14.0,29568.014286260004,302354.6071419,7397.0
2020-05-18,14.0,21427.923214569993,218948.0892893,5364.0
2020-05-19,14.0,24760.897618721006,252986.2440435,6938.0
2020-05-20,14.0,23674.092857014,242358.72022843003,8849.0
2020-05-21,14.0,30232.214405379997,309354.24048170005,7778.0
2020-05-22,14.0,28917.64285625,295813.4821532,7224.0
2020-05-23,14.0,33877.40833302999,346548.51786110003,8475.0
2020-05-24,14.0,32179.05000094,329278.5714248,8032.0
2020-05-25,14.0,35304.05357042999,361463.71426860004,8812.0
2020-05-26,14.0,31410.63214261,321298.3392836,7774.0
2020-05-27,14.0,26735.085118150004,273204.851193,6690.0
2020-05-28,14.0,32899.003571400004,336593.66665419994,8273.0
2020-05-29,14.0,33000.482142999994,337616.4404663,8276.666667
2020-05-30,14.0,29290.637499992998,299459.76785539,7341.0
2020-05-31,14.0,23552.812499810992,240837.49999550002,5915.0
2020-06-01,14.0,22038.233928510006,225196.95832949996,5509.0
2020-06-02,14.0,29486.639286005997,301470.62501054,7350.0
2020-06-03,14.0,29930.960713521,306018.46427586,7786.0
2020-06-04,14.0,32889.089285673,336427.35713837,8254.285714
2020-06-05,14.0,31185.428571703997,318931.98213968,7796.0
2020-06-06,14.0,25585.66071473,261695.5000081,6431.0
2020-06-07,14.0,32820.387500123994,335808.46429415996,8214.0
2020-06-08,14.0,33213.31309516,339821.70239512995,8344.0
2020-06-09,14.0,33052.441070413995,338116.1607141,8240.0
2020-06-10,14.0,26380.325356740002,269666.72499529994,6578.0
2020-06-11,14.0,22600.12321453,230748.92857370002,5662.0
2020-06-12,14.0,23371.087500116002,238707.16071486002,5851.0
2020-06-13,14.0,32938.173213827,337069.37500221,8354.0
2020-06-14,14.0,28995.11785670899,296362.53571906005,7261.0
2020-06-15,14.0,27219.330357427003,278222.214288,6795.0
2020-06-16,14.0,25174.34880955,257167.04365570002,6261.0
2020-06-17,14.0,23832.793214883004,243549.8857132,5952.0
2020-05-15,15.0,25829.86607165999,263920.66070879996,6373.0
2020-05-16,15.0,24893.06785717001,254236.75000103,6233.0
2020-05-17,15.0,29769.323809750007,304399.5654795,7438.0
2020-05-18,15.0,21481.237499503997,219499.28571388999,5365.0
2020-05-19,15.0,24776.556547479,253151.38095423,6910.0
2020-05-20,15.0,23673.282858556,242359.82857634,8821.0
2020-05-21,15.0,30505.29321374,312121.4071465,7766.0
2020-05-22,15.0,27664.335356363,282959.75118778995,6742.0
2020-05-23,15.0,32616.294642930003,333678.7261859,8152.0
2020-05-24,15.0,31969.112499469993,327102.91070064,8002.0
2020-05-25,15.0,35220.09821434999,360575.62500329997,8807.0
2020-05-26,15.0,31096.117856959994,318056.7499877,7767.0
2020-05-27,15.0,26681.129285479994,272663.2964307,6678.0
2020-05-28,15.0,32973.95952435699,337363.59523212997,8266.0
2020-05-29,15.0,33022.43035758999,337846.7321522,8258.5
2020-05-30,15.0,29500.289285953993,301613.46428733994,7364.0
2020-05-31,15.0,23731.851785675997,242674.21428006,5894.0
2020-06-01,15.0,22700.274999317007,232008.75595699003,5637.0
2020-06-02,15.0,29387.078571771002,300438.01785506,7361.0
2020-06-03,15.0,29800.26250103,304673.8750038,7807.0
2020-06-04,15.0,32782.198214307,335329.76786904,8212.0
2020-06-05,15.0,31248.728572389995,319586.08928281005,7741.0
2020-06-06,15.0,25686.92500030001,262723.41070999997,6410.5
2020-06-07,15.0,32474.41428643,332252.89285592,8172.0
2020-06-08,15.0,33199.67916790999,339703.5238014,8291.0
2020-06-09,15.0,32768.36964183001,335223.500006,8240.0
2020-06-10,15.0,26273.99107169901,268576.19642459,6565.0
2020-06-11,15.0,22580.053571519995,230547.3928575,5663.0
2020-06-12,15.0,23388.355357279994,238887.78571216998,5849.0
2020-06-13,15.0,33647.564286270004,344355.83929810004,8389.0
2020-06-14,15.0,29302.864285600994,299364.6071526001,7302.0
2020-06-15,15.0,26894.664285874,274885.05357057,6732.0
2020-06-16,15.0,24928.592857389995,254651.6785727,6243.0
2020-06-17,15.0,23927.571785576012,244532.33214676002,5950.0
2020-05-15,16.0,25388.14821531399,259365.89285586998,6350.0
2020-05-16,16.0,25600.52142793299,261510.48213916,6431.0
2020-05-17,16.0,29770.717858600005,304438.178574,7441.0
2020-05-18,16.0,21428.637499969005,218969.07142733,5351.0
2020-05-19,16.0,24749.14107162,252864.4285763,6879.0
2020-05-20,16.0,23708.332738325997,242712.60714333996,8777.0
2020-05-21,16.0,30404.559048499992,311121.43569969997,7825.0
2020-05-22,16.0,28511.90178585999,290763.9464258,7076.0
2020-05-23,16.0,33942.719999352994,347230.12855817,8487.0
2020-05-24,16.0,31510.732141479995,322403.5892866,7902.0
2020-05-25,16.0,35036.54999957001,358699.8749969,8760.0
2020-05-26,16.0,31015.65892768001,317250.07143969997,7778.0
2020-05-27,16.0,26613.244643,271950.2321511,6674.0
2020-05-28,16.0,33180.36571384001,339500.3035691,8338.0
2020-05-29,16.0,32377.148214480007,331208.6071396,8125.5
2020-05-30,16.0,28875.360714086994,295190.30357609,7226.0
2020-05-31,16.0,23923.123214545005,244640.85713752997,5987.0
2020-06-01,16.0,23121.200596220006,236355.6607185,5766.0
2020-06-02,16.0,29831.741071637003,305012.82143596,7439.0
2020-06-03,16.0,29953.883929644002,306258.83929868997,7846.0
2020-06-04,16.0,32795.42142893999,335458.21428197,8224.857143000001
2020-06-05,16.0,30870.460713893997,315712.4464274,7759.0
2020-06-06,16.0,25484.96428585,260650.8928543,6379.0
2020-06-07,16.0,27304.544643580004,279271.62499959,6898.0
2020-06-08,16.0,33099.154166756,338671.66071153,8371.0
2020-06-09,16.0,32640.649999813006,333879.64285337,8170.0
2020-06-10,16.0,25825.808571939993,263956.51071229996,6505.0
2020-06-11,16.0,22612.389285800993,230889.53571534,5654.0
2020-06-12,16.0,23415.47142840001,239174.16071099997,5847.0
2020-06-13,16.0,33746.25357268499,345354.23215689,8403.0
2020-06-14,16.0,29307.921427744,299421.98214308993,7307.0
2020-06-15,16.0,27240.428570940996,278436.3214377,6728.0
2020-06-16,16.0,24950.166070897,254873.01785379,6255.0
2020-06-17,16.0,23680.593571449,241999.31072600003,5887.0
2020-05-15,17.0,25422.782141959997,259707.2321485,6387.0
2020-05-16,17.0,25113.80535703401,256498.19643047004,6271.0
2020-05-17,17.0,29717.607142439992,303881.678571,7454.0
2020-05-18,17.0,21705.026785669994,221794.8928606,5408.0
2020-05-19,17.0,25063.949404600997,256087.26785530002,6997.0
2020-05-20,17.0,23864.01428684,244317.4999966,8913.0
2020-05-21,17.0,30779.00250055,314958.12143490004,7865.0
2020-05-22,17.0,28999.267856879993,296642.0000027,7277.0
2020-05-23,17.0,33924.75476282001,347024.8750004,8493.0
2020-05-24,17.0,32522.564284739998,332792.5535679,8106.0
2020-05-25,17.0,35405.103572496,362519.01786086004,8844.0
2020-05-26,17.0,31323.126786589997,320377.1428513,7842.0
2020-05-27,17.0,26977.936309629993,275701.2380969,6717.666667
2020-05-28,17.0,33428.9202372,342037.9702402,8374.0
2020-05-29,17.0,33336.058334220004,341099.5654652,8299.0
2020-05-30,17.0,29331.64642847999,299875.21428816,7340.0
2020-05-31,17.0,24369.096428099,249240.57143301002,6081.0
2020-06-01,17.0,22324.455356820003,228130.333337,5589.0
2020-06-02,17.0,29917.710714370998,305885.08928931004,7463.0
2020-06-03,17.0,30040.510714809992,307132.6607175,7850.0
2020-06-04,17.0,33176.505357857,339384.12499149994,8279.714286
2020-06-05,17.0,31423.841070446,321375.71429974,7838.0
2020-06-06,17.0,26260.29285717999,268617.9821399,6482.0
2020-06-07,17.0,33097.34642932999,338649.6428556,8294.0
2020-06-08,17.0,33566.05595243599,343474.95833724004,8405.0
2020-06-09,17.0,33061.880356984,338203.42857494,8309.0
2020-06-10,17.0,26530.1657151,271199.3142979,6645.0
2020-06-11,17.0,22761.353571279986,232404.2142862,5698.0
2020-06-12,17.0,23489.430357154008,239926.285715,5888.0
2020-06-13,17.0,33431.766070087,342162.07143531,8437.0
2020-06-14,17.0,29282.108929022008,299297.58928346,7306.0
2020-06-15,17.0,27507.198214329997,281157.91071663,6906.0
2020-06-16,17.0,25295.506745589995,258412.05952840002,6292.0
2020-06-17,17.0,24011.220356793994,245394.3321386,5967.0
2020-05-15,18.0,25487.485713939008,260389.64285511,6329.0
2020-05-16,18.0,26057.005356940008,266213.0535713,6543.0
2020-05-17,18.0,29862.46904699,305395.1666802,7530.0
2020-05-18,18.0,21596.750000179993,220688.75000051002,5393.0
2020-05-19,18.0,24874.607143189995,254154.48214029998,6956.0
2020-05-20,18.0,24106.006547751,246814.12500676996,8895.0
2020-05-21,18.0,30161.202380560004,308614.59524640004,7811.0
2020-05-22,18.0,28659.04642788,293142.071426,7170.0
2020-05-23,18.0,34276.63333273,350641.8988147,8605.0
2020-05-24,18.0,31858.49285673,325990.6428438,7961.0
2020-05-25,18.0,35424.571429316,362719.37499214,8859.0
2020-05-26,18.0,31371.16964244999,320901.2142944,7835.0
2020-05-27,18.0,27091.6773818,276895.2678479,6708.5
2020-05-28,18.0,34144.52797578,349413.9702378,8514.0
2020-05-29,18.0,32786.82023816001,335435.833327,8170.5
2020-05-30,18.0,29179.485714413997,298328.58928704,7278.0
2020-05-31,18.0,25194.04999997,257723.678571,6247.0
2020-06-01,18.0,23574.149285461,241021.07500729003,5939.0
2020-06-02,18.0,30128.307143152997,308029.17858151,7525.0
2020-06-03,18.0,31025.287500229013,317232.37500358,7907.0
2020-06-04,18.0,32995.985714883,337501.3392793,8244.857143000001
2020-06-05,18.0,31070.621428954004,317763.44644097,7748.0
2020-06-06,18.0,25344.144642429997,259198.7142939,6324.0
2020-06-07,18.0,25620.792856357006,262026.53571173,6433.0
2020-06-08,18.0,33789.545237768994,345742.40477757,8443.0
2020-06-09,18.0,31880.45714276601,326065.85714753997,8010.0
2020-06-10,18.0,25655.87035691,262209.7607086,6423.0
2020-06-11,18.0,22566.275000146998,230417.55357136,5651.0
2020-06-12,18.0,23439.06428593,239422.53571209998,5854.0
2020-06-13,18.0,34269.683928018,350758.98213610996,8461.0
2020-06-14,18.0,29405.130357703998,300424.66071459,7329.0
2020-06-15,18.0,27602.20000047,282154.21428939997,6746.0
2020-06-16,18.0,25123.076786517002,256648.69642788998,6274.0
2020-06-17,18.0,23637.607499379992,241542.34286001005,5883.0
2020-05-15,19.0,25779.878571717003,263409.53571744,6386.0
2020-05-16,19.0,25960.514285416,265225.55357136,6488.0
2020-05-17,19.0,29753.279166599994,304293.6428441,7486.0
2020-05-18,19.0,21441.02321452,219085.25000036,5347.0
2020-05-19,19.0,24649.621428430004,251837.67857119997,6892.0
2020-05-20,19.0,23905.805356198005,244735.89285086998,8796.0
2020-05-21,19.0,30450.057500860003,311583.40356360003,7886.0
2020-05-22,19.0,28062.08035689,287004.35715329996,7072.0
2020-05-23,19.0,33948.232141985995,347272.02380441,8543.0
2020-05-24,19.0,31517.723215549995,322500.5178582,7876.0
2020-05-25,19.0,35180.212500197,360190.7857160699,8802.0
2020-05-26,19.0,30855.79285592,315623.2678502,7743.0
2020-05-27,19.0,26741.476190910005,273297.5357157,6701.0
2020-05-28,19.0,34093.77738103001,348911.33333319996,8477.0
2020-05-29,19.0,32319.220834339994,330619.7023972,8093.0
2020-05-30,19.0,28625.539285444,292620.46428549004,7142.0
2020-05-31,19.0,25056.766071829996,256318.0714347,6300.0
2020-06-01,19.0,23498.315000292998,240250.535726,5931.0
2020-06-02,19.0,29902.657142879005,305716.19642784,7446.0
2020-06-03,19.0,30903.085715528985,315958.37500146,7839.0
2020-06-04,19.0,32572.833928575994,333154.71428442997,8149.0
2020-06-05,19.0,30854.619642973998,315550.99999837,7739.0
2020-06-06,19.0,25035.594643669996,256041.32143619997,6288.0
2020-06-07,19.0,25461.837499570003,260390.10713183996,6342.0
2020-06-08,19.0,31465.09226078299,321855.94047571,7793.0
2020-06-09,19.0,30843.399999126996,315481.71428926004,7629.0
2020-06-10,19.0,25566.008571159997,261290.521425,6412.0
2020-06-11,19.0,22330.558928690003,227995.78571416,5599.0
2020-06-12,19.0,23242.37321475,237410.55357600003,5803.0
2020-06-13,19.0,33592.591070979,343787.60712475004,8363.0
2020-06-14,19.0,29024.644643953,296498.66071691,7238.0
2020-06-15,19.0,27249.594642610984,278533.41071324,6716.0
2020-06-16,19.0,24929.196428517014,254676.92857038998,6201.0
2020-06-17,19.0,23280.668213871,237879.57856873,5819.0
2020-05-15,20.0,25760.533928880006,263204.6071444,6396.0
2020-05-16,20.0,25494.151785575996,260406.48214341002,6374.0
2020-05-17,20.0,30166.114285330004,308499.3035642,7507.0
2020-05-18,20.0,21622.914285426,220961.9107096,5390.0
2020-05-19,20.0,24808.672023796003,253472.86310020002,6924.0
2020-05-20,20.0,23962.607738060997,245330.00000209,8891.0
2020-05-21,20.0,30129.38750027,308265.26785370003,7737.0
2020-05-22,20.0,28925.59464293,295889.7142885,7208.0
2020-05-23,20.0,34483.95357257001,352786.36309979996,8674.0
2020-05-24,20.0,29064.6696427,297152.3928609,7277.0
2020-05-25,20.0,33781.49940394302,345719.51191253,8443.0
2020-05-26,20.0,29822.575000019988,304989.3392742,7501.0
2020-05-27,20.0,25535.682142640002,260899.8571435,6379.25
2020-05-28,20.0,31535.378571126,322583.7857242,7911.0
2020-05-29,20.0,31735.65416620999,324605.7619099,7911.0
2020-05-30,20.0,29541.680355884004,302050.12500394,7396.0
2020-05-31,20.0,23734.285714367008,242677.92857014,5938.0
2020-06-01,20.0,23303.95595168999,238217.1428595,5794.0
2020-06-02,20.0,29662.394641841005,303276.16071579995,7421.0
2020-06-03,20.0,30116.00535596999,307913.39284700004,7888.0
2020-06-04,20.0,32972.55535776401,337284.03571623,8236.857143000001
2020-06-05,20.0,30943.417857197,316452.28571958997,7723.0
2020-06-06,20.0,25674.42678633,262607.5714201,6426.0
2020-06-07,20.0,32852.635714866,336147.6964207,8183.0
2020-06-08,20.0,33254.317260740005,340256.9999885,8358.0
2020-06-09,20.0,32359.005357113005,331020.44643209997,8136.0
2020-06-10,20.0,26032.279999960003,266091.21071059,6498.0
2020-06-11,20.0,22611.894642970004,230876.44642559998,5647.0
2020-06-12,20.0,23375.59821449601,238758.05357183,5837.0
2020-06-13,20.0,34337.878571700996,351453.67856088997,8435.0
2020-06-14,20.0,29374.037499303005,300122.98215099005,7315.0
2020-06-15,20.0,27267.057143365997,278708.42857149005,6696.0
2020-06-16,20.0,22797.530357057003,232864.55356718999,5719.0
2020-06-17,20.0,23378.801071159003,238905.95000176,5817.0
2020-05-15,21.0,23752.398214179997,242683.267853,5965.0
2020-05-16,21.0,25742.99999990001,262964.64285993,6419.0
2020-05-17,21.0,30170.105952640002,308543.7202379,7480.0
2020-05-18,21.0,21581.333929203996,220529.41071573002,5390.0
2020-05-19,21.0,25081.122618577,256266.55951476996,6932.0
2020-05-20,21.0,23853.308214433,244199.40356784,8842.0
2020-05-21,21.0,31025.72690436001,317508.40834140003,7944.0
2020-05-22,21.0,28823.748214090003,294852.7023856,7171.0
2020-05-23,21.0,34169.69285619001,349558.0059484,8544.0
2020-05-24,21.0,31837.789284118993,325774.26785281,7958.0
2020-05-25,21.0,35178.83214385,360187.67857879994,8813.0
2020-05-26,21.0,31234.492858025995,319481.2857054,7774.0
2020-05-27,21.0,26802.30928592,273901.7392902,6697.25
2020-05-28,21.0,33848.67678508,346377.07143556,8391.0
2020-05-29,21.0,32961.017261169996,337226.22618829994,8214.0
2020-05-30,21.0,29108.537501044,297594.66070575,7290.0
2020-05-31,21.0,24396.253572346002,249511.82142316,6047.0
2020-06-01,21.0,23056.877381486,235671.30356792998,5742.0
2020-06-02,21.0,29832.735713987,305002.41071346,7451.0
2020-06-03,21.0,29860.344643229986,305293.1071291,7836.0
2020-06-04,21.0,32922.52321415399,336762.78572956,8219.875
2020-06-05,21.0,31303.389285556997,320146.10714581,7817.0
2020-06-06,21.0,26125.35714292,267233.3214331,6440.0
2020-06-07,21.0,33008.980357429,337759.69642997003,8260.0
2020-06-08,21.0,33447.43928715,342281.3809599,8377.0
2020-06-09,21.0,33471.52857128001,342430.1071463,8289.0
2020-06-10,21.0,26344.803571640998,269283.37499556,6560.0
2020-06-11,21.0,22667.267857230003,231448.4285721,5671.0
2020-06-12,21.0,23456.958928501004,239602.14285439,5863.0
2020-06-13,21.0,33146.017857310006,339199.94641860004,8410.0
2020-06-14,21.0,29320.133928296003,299532.7321407,7320.0
2020-06-15,21.0,27372.926785695996,279797.58928298997,6820.0
2020-06-16,21.0,25000.628571359997,255396.5357148,6262.0
2020-06-17,21.0,23771.642499836,242925.36428561,5910.0
